customer_id,legal_name,registration_number,incorporation_country,segment,onboarding_date,registered_address,primary_contact_email,primary_contact_phone,relationship_manager
CUST00001,Larkspur Trading Ltd,UK92832925,GB,Mid-market,2022-03-09,"89 Park Row, UK",contact1@customer1.co.uk,+44 20 9316 1149,A. Whitfield
CUST00002,Silverline Holdings Ltd,UK99021969,GB,SME,2022-07-27,"48 High St, UK",contact2@customer2.co.uk,+44 20 5979 9936,S. Bello
CUST00003,Coldwell Manufacturing Limited,UK96221076,GB,Mid-market,2016-11-24,"11 Kings Rd, UK",contact3@customer3.co.uk,+44 20 6199 6261,R. Nakamura
CUST00004,Westbrook Holdings Limited,UK60037247,GB,Mid-market,2022-08-04,"190 High St, UK",contact4@customer4.co.uk,+44 20 4493 2142,S. Bello
CUST00005,Greystone Commodities LLP,UK28043248,GB,SME,2015-12-26,"74 High St, UK",contact5@customer5.co.uk,+44 20 6153 9074,S. Bello
CUST00006,Fenwick Group LLP,UK85516274,GB,Corporate,2019-05-30,"186 Station Ave, UK",contact6@customer6.co.uk,+44 20 1819 8922,M. Osei
CUST00007,Falcon Holdings Limited,UK82146746,GB,Mid-market,2018-12-27,"152 Station Ave, UK",contact7@customer7.co.uk,+44 20 4735 5825,M. Osei
CUST00008,Ashford Exports Ltd,UK99128948,GB,Mid-market,2017-09-07,"131 Station Ave, UK",contact8@customer8.co.uk,+44 20 2488 6595,T. Ferreira
CUST00009,Wintercroft Overseas Ltd,UK68585309,GB,SME,2015-03-10,"2 Park Row, UK",contact9@customer9.co.uk,+44 20 2640 3458,R. Nakamura
CUST00010,Harborview Distribution Limited,UK22743629,GB,SME,2021-07-23,"148 Station Ave, UK",contact10@customer10.co.uk,+44 20 7493 1454,J. Carrington
CUST00011,Thornfield Imports Ltd,UK55261197,GB,SME,2017-11-07,"79 Park Row, UK",contact11@customer11.co.uk,+44 20 5024 6350,M. Osei
CUST00012,Ashford Trading Limited,UK50342104,GB,Mid-market,2020-08-15,"76 High St, UK",contact12@customer12.co.uk,+44 20 2188 3652,R. Nakamura
CUST00013,Sable Exports LLP,UK85865251,GB,SME,2018-06-26,"181 Kings Rd, UK",contact13@customer13.co.uk,+44 20 4091 6971,S. Bello
CUST00014,Northfield Textiles LLP,UK45331544,GB,Mid-market,2018-03-05,"21 Station Ave, UK",contact14@customer14.co.uk,+44 20 9789 8525,A. Whitfield
CUST00015,Northfield Trading Limited,UK39573343,GB,SME,2022-07-13,"47 Park Row, UK",contact15@customer15.co.uk,+44 20 2707 1163,R. Nakamura
CUST00016,Sable Industries Ltd,UK17204435,GB,SME,2015-10-21,"89 High St, UK",contact16@customer16.co.uk,+44 20 1467 6360,T. Ferreira
CUST00017,Rosewood Holdings LLP,UK85191088,GB,SME,2021-04-04,"190 Mill Lane, UK",contact17@customer17.co.uk,+44 20 2406 3081,M. Osei
CUST00018,Sable Overseas LLP,UK77979714,GB,SME,2021-05-06,"53 Station Ave, UK",contact18@customer18.co.uk,+44 20 8625 8864,M. Osei
CUST00019,Redwood Holdings Limited,UK13710493,GB,Mid-market,2018-03-25,"106 High St, UK",contact19@customer19.co.uk,+44 20 8550 3282,T. Ferreira
CUST00020,Falcon Distribution Limited,UK49040112,GB,SME,2017-03-25,"152 Mill Lane, UK",contact20@customer20.co.uk,+44 20 6576 6496,A. Whitfield
CUST00021,Copperfield Group LLP,UK53174631,GB,Mid-market,2015-01-17,"140 Park Row, UK",contact21@customer21.co.uk,+44 20 2667 5981,J. Carrington
CUST00022,Crestline Holdings Limited,UK52239423,GB,SME,2022-12-16,"122 Station Ave, UK",contact22@customer22.co.uk,+44 20 5726 4565,J. Carrington
CUST00023,Redwood Exports LLP,UK92703809,GB,Corporate,2023-01-19,"51 Kings Rd, UK",contact23@customer23.co.uk,+44 20 7764 7097,S. Bello
CUST00024,Rosewood Holdings Limited,UK23560567,GB,Mid-market,2017-01-17,"83 Park Row, UK",contact24@customer24.co.uk,+44 20 5793 7531,A. Whitfield
CUST00025,Falcon Freight LLP,UK37571004,GB,Mid-market,2015-04-10,"105 Kings Rd, UK",contact25@customer25.co.uk,+44 20 7867 6101,J. Carrington
CUST00026,Highgate Overseas Ltd,UK26283398,GB,SME,2016-01-16,"156 Park Row, UK",contact26@customer26.co.uk,+44 20 3408 7825,A. Whitfield
CUST00027,Ashford Logistics Limited,UK31967611,GB,SME,2015-07-29,"180 Kings Rd, UK",contact27@customer27.co.uk,+44 20 7457 9849,S. Bello
CUST00028,Brightwater Logistics Limited,UK91639325,GB,SME,2022-01-22,"142 Mill Lane, UK",contact28@customer28.co.uk,+44 20 2347 4773,R. Nakamura
CUST00029,Copperfield Overseas Limited,UK94664990,GB,SME,2022-07-30,"90 Kings Rd, UK",contact29@customer29.co.uk,+44 20 9317 5630,J. Carrington
CUST00030,Vantage Exports Limited,UK14018417,GB,Mid-market,2016-04-20,"23 Kings Rd, UK",contact30@customer30.co.uk,+44 20 9482 1112,J. Carrington
CUST00031,Stonebridge Commodities Limited,UK66888266,GB,Mid-market,2021-05-06,"110 Park Row, UK",contact31@customer31.co.uk,+44 20 1316 8163,A. Whitfield
CUST00032,Vantage Logistics LLP,UK30956705,GB,Corporate,2016-07-10,"173 High St, UK",contact32@customer32.co.uk,+44 20 4225 5681,T. Ferreira
CUST00033,Harborview Commodities LLP,UK27330496,GB,SME,2018-02-13,"136 High St, UK",contact33@customer33.co.uk,+44 20 4851 4671,R. Nakamura
CUST00034,Thornfield Industries LLP,UK36285339,GB,SME,2020-02-03,"135 Kings Rd, UK",contact34@customer34.co.uk,+44 20 9454 1846,M. Osei
CUST00035,Rosewood Exports LLP,UK27494831,GB,SME,2021-02-11,"90 Station Ave, UK",contact35@customer35.co.uk,+44 20 7949 9006,J. Carrington
CUST00036,Redwood Imports Limited,UK54117778,GB,SME,2022-06-06,"85 Park Row, UK",contact36@customer36.co.uk,+44 20 6916 4554,S. Bello
CUST00037,Thornfield Holdings Limited,UK99604955,GB,SME,2015-05-19,"107 Park Row, UK",contact37@customer37.co.uk,+44 20 2439 7142,S. Bello
CUST00038,Highgate Overseas LLP,UK62780064,GB,SME,2016-09-01,"128 Kings Rd, UK",contact38@customer38.co.uk,+44 20 5218 2344,J. Carrington
CUST00039,Delta Exports LLP,UK75091879,GB,SME,2017-05-20,"155 Mill Lane, UK",contact39@customer39.co.uk,+44 20 4236 9652,M. Osei
CUST00040,Copperfield Textiles Ltd,UK54396097,GB,Mid-market,2017-08-20,"107 High St, UK",contact40@customer40.co.uk,+44 20 3388 2605,R. Nakamura
CUST00041,Silverline Group Ltd,UK11251654,GB,SME,2023-06-24,"24 Mill Lane, UK",contact41@customer41.co.uk,+44 20 7137 2795,R. Nakamura
CUST00042,Oakbridge Manufacturing LLP,UK17570380,GB,Mid-market,2021-08-09,"38 Park Row, UK",contact42@customer42.co.uk,+44 20 9278 8729,R. Nakamura
CUST00043,Fenwick Holdings LLP,UK34198533,GB,Mid-market,2017-09-21,"171 Station Ave, UK",contact43@customer43.co.uk,+44 20 9850 9212,A. Whitfield
CUST00044,Northfield Global Limited,UK31930070,GB,SME,2023-04-04,"147 Mill Lane, UK",contact44@customer44.co.uk,+44 20 3193 2909,J. Carrington
CUST00045,Highgate Textiles Limited,UK85652151,GB,Mid-market,2019-03-30,"12 Kings Rd, UK",contact45@customer45.co.uk,+44 20 4083 5227,R. Nakamura
CUST00046,Larkspur Manufacturing Ltd,UK85922953,GB,Mid-market,2019-04-03,"99 Park Row, UK",contact46@customer46.co.uk,+44 20 8919 7600,T. Ferreira
CUST00047,Fenwick Global LLP,UK86870923,GB,SME,2018-09-07,"44 Mill Lane, UK",contact47@customer47.co.uk,+44 20 6799 8904,R. Nakamura
CUST00048,Crestline Global LLP,UK67382982,GB,SME,2016-03-22,"69 High St, UK",contact48@customer48.co.uk,+44 20 6812 4411,J. Carrington
CUST00049,Silverline Holdings Limited,UK60055583,GB,Mid-market,2022-12-09,"21 Kings Rd, UK",contact49@customer49.co.uk,+44 20 4716 5652,R. Nakamura
CUST00050,Marlow Imports LLP,UK68423413,GB,SME,2015-02-13,"17 High St, UK",contact50@customer50.co.uk,+44 20 1798 7674,M. Osei
CUST00051,Elmsworth Group LLP,UK46612619,GB,SME,2016-06-24,"70 Kings Rd, UK",contact51@customer51.co.uk,+44 20 6874 7579,A. Whitfield
CUST00052,Thornfield Textiles Ltd,UK70318292,GB,SME,2016-12-13,"111 High St, UK",contact52@customer52.co.uk,+44 20 5804 8045,S. Bello
CUST00053,Larkspur Manufacturing Ltd,UK81499846,GB,Mid-market,2017-05-16,"61 Mill Lane, UK",contact53@customer53.co.uk,+44 20 9546 6128,T. Ferreira
CUST00054,Blue Anchor Exports Limited,UK78661270,GB,Mid-market,2016-02-14,"192 Station Ave, UK",contact54@customer54.co.uk,+44 20 4999 1941,T. Ferreira
CUST00055,Silverline Logistics Ltd,UK65244729,GB,Mid-market,2015-02-25,"176 Kings Rd, UK",contact55@customer55.co.uk,+44 20 8007 9134,R. Nakamura
CUST00056,Delta Trading Limited,UK15229763,GB,Mid-market,2020-10-03,"90 Mill Lane, UK",contact56@customer56.co.uk,+44 20 7294 8789,A. Whitfield
CUST00057,Brightwater Imports LLP,UK75245448,GB,SME,2023-03-27,"177 Park Row, UK",contact57@customer57.co.uk,+44 20 8749 8182,T. Ferreira
CUST00058,Fenwick Industries LLP,UK42994754,GB,SME,2016-01-14,"192 Station Ave, UK",contact58@customer58.co.uk,+44 20 5525 1898,J. Carrington
CUST00059,Sable Group Limited,UK76930055,GB,SME,2017-07-09,"101 Mill Lane, UK",contact59@customer59.co.uk,+44 20 1029 2839,M. Osei
CUST00060,Brightwater Overseas Limited,UK58557468,GB,SME,2019-04-21,"196 Kings Rd, UK",contact60@customer60.co.uk,+44 20 4878 7691,T. Ferreira
CUST00061,Crestline Supplies LLP,UK89306719,GB,Mid-market,2022-11-18,"69 Park Row, UK",contact61@customer61.co.uk,+44 20 5101 1208,S. Bello
CUST00062,Northfield Group Ltd,UK40461083,GB,SME,2020-11-24,"77 Kings Rd, UK",contact62@customer62.co.uk,+44 20 2892 9812,S. Bello
CUST00063,Larkspur Textiles Limited,UK86003097,GB,SME,2021-07-05,"112 Kings Rd, UK",contact63@customer63.co.uk,+44 20 9891 4393,M. Osei
CUST00064,Highgate Industries Limited,UK39799631,GB,Mid-market,2019-12-09,"178 Park Row, UK",contact64@customer64.co.uk,+44 20 8244 7473,T. Ferreira
CUST00065,Sable Group Ltd,UK53431525,GB,SME,2018-07-18,"61 Mill Lane, UK",contact65@customer65.co.uk,+44 20 9380 8987,J. Carrington
CUST00066,Westbrook Industries Limited,UK57821322,GB,SME,2016-09-11,"196 Station Ave, UK",contact66@customer66.co.uk,+44 20 6658 4551,R. Nakamura
CUST00067,Stonebridge Supplies LLP,UK79176482,GB,SME,2022-05-05,"43 Mill Lane, UK",contact67@customer67.co.uk,+44 20 6639 3871,S. Bello
CUST00068,Stonebridge Distribution Ltd,UK72024145,GB,SME,2021-10-31,"124 Station Ave, UK",contact68@customer68.co.uk,+44 20 4132 6478,R. Nakamura
CUST00069,Falcon Freight Limited,UK86681395,GB,SME,2015-03-19,"5 Kings Rd, UK",contact69@customer69.co.uk,+44 20 6142 6228,M. Osei
CUST00070,Redwood Commodities Ltd,UK43288100,GB,SME,2021-01-28,"171 Kings Rd, UK",contact70@customer70.co.uk,+44 20 4461 4681,M. Osei
CUST00071,Thornfield Logistics Ltd,UK55431232,GB,SME,2015-09-19,"60 Kings Rd, UK",contact71@customer71.co.uk,+44 20 1091 6415,J. Carrington
CUST00072,Thornfield Manufacturing Limited,UK48777828,GB,SME,2021-04-12,"36 High St, UK",contact72@customer72.co.uk,+44 20 6181 9417,T. Ferreira
CUST00073,Stonebridge Freight Ltd,UK91859701,GB,Mid-market,2022-01-06,"70 Park Row, UK",contact73@customer73.co.uk,+44 20 5538 5208,S. Bello
CUST00074,Larkspur Logistics Limited,UK37448252,GB,SME,2016-02-11,"1 Kings Rd, UK",contact74@customer74.co.uk,+44 20 1609 2770,J. Carrington
CUST00075,Thornfield Global Limited,UK62841154,GB,SME,2018-09-08,"13 Mill Lane, UK",contact75@customer75.co.uk,+44 20 4041 4394,S. Bello
CUST00076,Falcon Distribution Limited,UK20814952,GB,SME,2016-01-20,"50 Station Ave, UK",contact76@customer76.co.uk,+44 20 4263 4546,S. Bello
CUST00077,Crestline Freight Limited,UK86524686,GB,SME,2019-10-27,"117 Station Ave, UK",contact77@customer77.co.uk,+44 20 7919 2179,J. Carrington
CUST00078,Elmsworth Trading LLP,UK44579615,GB,Mid-market,2022-11-18,"127 Mill Lane, UK",contact78@customer78.co.uk,+44 20 3990 2465,J. Carrington
CUST00079,Rosewood Global Limited,UK40653171,GB,SME,2015-09-08,"172 Mill Lane, UK",contact79@customer79.co.uk,+44 20 3769 7160,T. Ferreira
CUST00080,Northfield Commodities LLP,UK62462548,GB,Mid-market,2018-05-18,"190 Park Row, UK",contact80@customer80.co.uk,+44 20 1420 4054,R. Nakamura
CUST00081,Wintercroft Distribution Ltd,UK54893525,GB,Mid-market,2023-04-08,"118 Station Ave, UK",contact81@customer81.co.uk,+44 20 1213 9593,A. Whitfield
CUST00082,Northfield Exports Limited,UK86317867,GB,SME,2017-07-22,"51 Park Row, UK",contact82@customer82.co.uk,+44 20 7544 3192,S. Bello
CUST00083,Meridian Industries Limited,UK57826993,GB,Mid-market,2016-02-15,"134 Park Row, UK",contact83@customer83.co.uk,+44 20 2783 1890,R. Nakamura
CUST00084,Meridian Textiles Limited,UK56529519,GB,SME,2019-02-25,"54 Station Ave, UK",contact84@customer84.co.uk,+44 20 5255 7780,R. Nakamura
CUST00085,Larkspur Holdings Limited,UK19448174,GB,SME,2019-04-27,"94 High St, UK",contact85@customer85.co.uk,+44 20 6257 8928,S. Bello
CUST00086,Kestrel Global Limited,UK11974433,GB,SME,2020-08-18,"35 Mill Lane, UK",contact86@customer86.co.uk,+44 20 4094 3502,T. Ferreira
CUST00087,Redwood Imports Ltd,UK45869725,GB,Mid-market,2017-08-31,"64 High St, UK",contact87@customer87.co.uk,+44 20 5301 2818,M. Osei
CUST00088,Redwood Exports LLP,UK99838541,GB,SME,2023-02-13,"86 Station Ave, UK",contact88@customer88.co.uk,+44 20 9779 2671,J. Carrington
CUST00089,Stonebridge Group Limited,UK92560389,GB,SME,2019-06-05,"64 Park Row, UK",contact89@customer89.co.uk,+44 20 5309 5697,M. Osei
CUST00090,Northfield Freight LLP,UK66608172,GB,SME,2017-06-07,"156 Mill Lane, UK",contact90@customer90.co.uk,+44 20 1513 5215,R. Nakamura
CUST00091,Ashford Supplies LLP,UK66774900,GB,SME,2023-02-27,"186 Mill Lane, UK",contact91@customer91.co.uk,+44 20 5091 3334,J. Carrington
CUST00092,Kestrel Group LLP,UK25975592,GB,Mid-market,2022-11-09,"28 High St, UK",contact92@customer92.co.uk,+44 20 2151 1406,J. Carrington
CUST00093,Ashford Textiles Limited,UK10769205,GB,SME,2019-03-29,"187 Park Row, UK",contact93@customer93.co.uk,+44 20 1077 5332,S. Bello
CUST00094,Elmsworth Trading Limited,UK40497006,GB,SME,2015-03-19,"148 High St, UK",contact94@customer94.co.uk,+44 20 1808 9633,J. Carrington
CUST00095,Crestline Distribution Limited,UK38482132,GB,SME,2020-01-27,"59 High St, UK",contact95@customer95.co.uk,+44 20 3202 6872,J. Carrington
CUST00096,Blue Anchor Industries LLP,UK27244270,GB,SME,2019-09-19,"11 Kings Rd, UK",contact96@customer96.co.uk,+44 20 7060 5459,J. Carrington
CUST00097,Rosewood Trading Ltd,UK33325031,GB,SME,2016-04-04,"114 High St, UK",contact97@customer97.co.uk,+44 20 8951 1996,M. Osei
CUST00098,Harborview Imports Ltd,UK12234081,GB,SME,2020-05-21,"196 Mill Lane, UK",contact98@customer98.co.uk,+44 20 3106 3271,A. Whitfield
CUST00099,Rosewood Group LLP,UK64716416,GB,SME,2022-02-21,"53 Mill Lane, UK",contact99@customer99.co.uk,+44 20 2218 3652,S. Bello
CUST00100,Silverline Trading LLP,UK93471440,GB,Corporate,2015-11-25,"158 Kings Rd, UK",contact100@customer100.co.uk,+44 20 3813 7882,A. Whitfield
CUST00101,Kestrel Distribution LLP,UK72171995,GB,Mid-market,2021-02-22,"10 High St, UK",contact101@customer101.co.uk,+44 20 3714 8889,M. Osei
CUST00102,Ashford Trading Ltd,UK50338659,GB,Mid-market,2016-03-11,"170 High St, UK",contact102@customer102.co.uk,+44 20 7953 9113,S. Bello
CUST00103,Crestline Trading LLP,UK47824135,GB,SME,2021-05-12,"127 Kings Rd, UK",contact103@customer103.co.uk,+44 20 1946 9860,A. Whitfield
CUST00104,Copperfield Global LLP,UK37678156,GB,Corporate,2018-07-24,"155 High St, UK",contact104@customer104.co.uk,+44 20 6525 9840,R. Nakamura
CUST00105,Thornfield Overseas Ltd,UK22816547,GB,Mid-market,2015-01-21,"179 Station Ave, UK",contact105@customer105.co.uk,+44 20 4193 9576,S. Bello
CUST00106,Rosewood Overseas Ltd,UK63862946,GB,Mid-market,2023-03-18,"90 Kings Rd, UK",contact106@customer106.co.uk,+44 20 6296 1646,R. Nakamura
CUST00107,Westbrook Holdings LLP,UK60987158,GB,SME,2016-05-30,"195 Kings Rd, UK",contact107@customer107.co.uk,+44 20 4690 2240,M. Osei
CUST00108,Sable Textiles LLP,UK10658301,GB,SME,2020-01-24,"98 Kings Rd, UK",contact108@customer108.co.uk,+44 20 9470 3739,A. Whitfield
CUST00109,Rosewood Industries LLP,UK47396936,GB,SME,2016-07-17,"46 Mill Lane, UK",contact109@customer109.co.uk,+44 20 3001 5975,T. Ferreira
CUST00110,Rosewood Imports Ltd,UK35021989,GB,Mid-market,2022-12-05,"31 High St, UK",contact110@customer110.co.uk,+44 20 4826 1872,M. Osei
CUST00111,Ironwood Overseas Ltd,UK25325355,GB,SME,2021-04-10,"58 High St, UK",contact111@customer111.co.uk,+44 20 8347 8611,S. Bello
CUST00112,Northfield Industries Limited,UK73273011,GB,SME,2021-10-31,"83 Park Row, UK",contact112@customer112.co.uk,+44 20 7685 6550,M. Osei
CUST00113,Delta Group Limited,UK57324353,GB,SME,2018-09-02,"33 High St, UK",contact113@customer113.co.uk,+44 20 4622 5880,A. Whitfield
CUST00114,Copperfield Textiles LLP,UK67039278,GB,SME,2018-12-21,"23 Mill Lane, UK",contact114@customer114.co.uk,+44 20 5688 2487,S. Bello
CUST00115,Ironwood Logistics LLP,UK74213346,GB,SME,2020-05-22,"55 Mill Lane, UK",contact115@customer115.co.uk,+44 20 1736 3279,T. Ferreira
CUST00116,Stonebridge Trading Ltd,UK98362534,GB,Mid-market,2021-09-01,"6 Kings Rd, UK",contact116@customer116.co.uk,+44 20 5088 2442,T. Ferreira
CUST00117,Meridian Commodities Ltd,UK82248637,GB,Mid-market,2022-03-13,"82 Mill Lane, UK",contact117@customer117.co.uk,+44 20 1959 8666,S. Bello
CUST00118,Larkspur Exports LLP,UK65832193,GB,Mid-market,2015-02-25,"110 Station Ave, UK",contact118@customer118.co.uk,+44 20 4374 6257,M. Osei
CUST00119,Stonebridge Distribution Limited,UK89111939,GB,SME,2020-08-21,"93 Park Row, UK",contact119@customer119.co.uk,+44 20 5715 7615,T. Ferreira
CUST00120,Ashford Textiles Limited,UK52975528,GB,SME,2015-12-05,"106 Kings Rd, UK",contact120@customer120.co.uk,+44 20 7657 3663,S. Bello
CUST00121,Meridian Trading Ltd,UK98628992,GB,SME,2017-06-12,"46 Kings Rd, UK",contact121@customer121.co.uk,+44 20 8630 4340,M. Osei
CUST00122,Wintercroft Imports LLP,UK78528929,GB,SME,2022-01-17,"119 Kings Rd, UK",contact122@customer122.co.uk,+44 20 8516 4643,A. Whitfield
CUST00123,Coldwell Logistics Limited,UK68579500,GB,SME,2017-02-16,"182 Mill Lane, UK",contact123@customer123.co.uk,+44 20 1998 7839,T. Ferreira
CUST00124,Blue Anchor Group Ltd,UK91299507,GB,SME,2021-10-08,"172 Station Ave, UK",contact124@customer124.co.uk,+44 20 1271 7950,M. Osei
CUST00125,Vantage Global Limited,UK56357100,GB,SME,2018-12-07,"67 Kings Rd, UK",contact125@customer125.co.uk,+44 20 1388 2861,S. Bello
CUST00126,Ironwood Manufacturing LLP,UK74862634,GB,SME,2016-12-22,"149 Kings Rd, UK",contact126@customer126.co.uk,+44 20 6429 9472,A. Whitfield
CUST00127,Harborview Distribution LLP,UK35625779,GB,SME,2017-11-03,"50 Park Row, UK",contact127@customer127.co.uk,+44 20 4675 2085,M. Osei
CUST00128,Marlow Imports Ltd,UK96689009,GB,SME,2019-07-05,"97 High St, UK",contact128@customer128.co.uk,+44 20 3095 9064,M. Osei
CUST00129,Harborview Global Limited,UK66103064,GB,SME,2021-07-02,"99 Mill Lane, UK",contact129@customer129.co.uk,+44 20 7539 1903,M. Osei
CUST00130,Redwood Imports Limited,UK80380464,GB,SME,2020-02-24,"172 Station Ave, UK",contact130@customer130.co.uk,+44 20 4463 3380,S. Bello
CUST00131,Delta Industries Ltd,UK51466389,GB,SME,2022-12-05,"39 High St, UK",contact131@customer131.co.uk,+44 20 2600 8617,T. Ferreira
CUST00132,Highgate Imports LLP,UK88012128,GB,Mid-market,2022-05-16,"121 High St, UK",contact132@customer132.co.uk,+44 20 6558 2615,T. Ferreira
CUST00133,Crestline Logistics Limited,UK16676008,GB,SME,2021-05-26,"64 High St, UK",contact133@customer133.co.uk,+44 20 6855 4721,S. Bello
CUST00134,Fenwick Industries Limited,UK20269366,GB,SME,2020-02-15,"5 Park Row, UK",contact134@customer134.co.uk,+44 20 1553 5048,M. Osei
CUST00135,Sable Exports Ltd,UK55640483,GB,SME,2017-06-18,"18 High St, UK",contact135@customer135.co.uk,+44 20 2666 3207,T. Ferreira
CUST00136,Northfield Global Ltd,UK75917214,GB,SME,2018-07-04,"186 High St, UK",contact136@customer136.co.uk,+44 20 8910 7391,R. Nakamura
CUST00137,Thornfield Commodities Ltd,UK82829719,GB,Corporate,2016-01-04,"163 High St, UK",contact137@customer137.co.uk,+44 20 2206 8661,R. Nakamura
CUST00138,Redwood Distribution Limited,UK49607982,GB,SME,2018-03-07,"31 High St, UK",contact138@customer138.co.uk,+44 20 6168 8870,S. Bello
CUST00139,Falcon Distribution Limited,UK68470587,GB,Mid-market,2022-11-14,"141 Station Ave, UK",contact139@customer139.co.uk,+44 20 7722 4053,S. Bello
CUST00140,Highgate Global Limited,UK59779341,GB,SME,2018-08-14,"95 Kings Rd, UK",contact140@customer140.co.uk,+44 20 5813 5777,T. Ferreira
CUST00141,Crestline Imports LLP,UK96537064,GB,SME,2015-12-19,"18 Mill Lane, UK",contact141@customer141.co.uk,+44 20 7478 3235,R. Nakamura
CUST00142,Oakbridge Global Limited,UK68869216,GB,SME,2020-07-15,"46 Mill Lane, UK",contact142@customer142.co.uk,+44 20 3997 3202,R. Nakamura
CUST00143,Copperfield Commodities LLP,UK47515954,GB,Corporate,2023-03-06,"137 Park Row, UK",contact143@customer143.co.uk,+44 20 3664 2451,S. Bello
CUST00144,Ashford Commodities Limited,UK97283359,GB,SME,2022-05-15,"99 High St, UK",contact144@customer144.co.uk,+44 20 1328 9459,M. Osei
CUST00145,Brightwater Exports Ltd,UK19652773,GB,SME,2017-04-30,"56 Park Row, UK",contact145@customer145.co.uk,+44 20 1668 8991,M. Osei
CUST00146,Oakbridge Textiles Limited,UK98612026,GB,SME,2018-11-09,"107 Station Ave, UK",contact146@customer146.co.uk,+44 20 1027 7995,R. Nakamura
CUST00147,Amber Manufacturing Limited,UK23861173,GB,SME,2019-07-06,"92 High St, UK",contact147@customer147.co.uk,+44 20 3955 5658,A. Whitfield
CUST00148,Larkspur Manufacturing Limited,UK35940541,GB,SME,2017-02-08,"179 Station Ave, UK",contact148@customer148.co.uk,+44 20 3539 5414,M. Osei
CUST00149,Marlow Distribution Limited,UK83932305,GB,SME,2017-04-13,"199 Park Row, UK",contact149@customer149.co.uk,+44 20 5063 5767,S. Bello
CUST00150,Redwood Overseas LLP,UK76037814,GB,SME,2017-01-04,"58 Kings Rd, UK",contact150@customer150.co.uk,+44 20 4539 5828,T. Ferreira
CUST00151,Amber Manufacturing Ltd,UK97331880,GB,Mid-market,2023-06-14,"50 Park Row, UK",contact151@customer151.co.uk,+44 20 8428 4910,R. Nakamura
CUST00152,Coldwell Exports Limited,UK77498517,GB,Mid-market,2021-05-03,"111 Mill Lane, UK",contact152@customer152.co.uk,+44 20 4252 2185,J. Carrington
CUST00153,Fenwick Freight LLP,UK67330763,GB,SME,2022-02-22,"193 Station Ave, UK",contact153@customer153.co.uk,+44 20 4237 2130,J. Carrington
CUST00154,Fenwick Holdings LLP,UK41184357,GB,SME,2021-12-08,"181 Park Row, UK",contact154@customer154.co.uk,+44 20 2642 9569,S. Bello
CUST00155,Delta Supplies Ltd,UK10424130,GB,SME,2023-02-24,"16 Kings Rd, UK",contact155@customer155.co.uk,+44 20 1804 5337,R. Nakamura
CUST00156,Sable Holdings Limited,UK21148279,GB,Mid-market,2015-11-23,"147 Park Row, UK",contact156@customer156.co.uk,+44 20 8507 9577,A. Whitfield
CUST00157,Stonebridge Exports Ltd,UK36799950,GB,SME,2022-06-28,"30 Kings Rd, UK",contact157@customer157.co.uk,+44 20 2320 2472,R. Nakamura
CUST00158,Falcon Overseas Ltd,UK13685226,GB,Mid-market,2015-07-26,"110 Station Ave, UK",contact158@customer158.co.uk,+44 20 4352 5989,J. Carrington
CUST00159,Fenwick Holdings Limited,UK55736167,GB,Mid-market,2019-01-15,"23 Station Ave, UK",contact159@customer159.co.uk,+44 20 9637 2869,S. Bello
CUST00160,Brightwater Trading Ltd,UK79960880,GB,Mid-market,2020-01-19,"59 Kings Rd, UK",contact160@customer160.co.uk,+44 20 2479 3278,T. Ferreira
CUST00161,Ashford Textiles LLP,UK96692926,GB,SME,2018-01-15,"103 Mill Lane, UK",contact161@customer161.co.uk,+44 20 8868 1270,T. Ferreira
CUST00162,Rosewood Holdings Ltd,UK54072976,GB,Mid-market,2016-03-29,"127 Kings Rd, UK",contact162@customer162.co.uk,+44 20 4420 2070,R. Nakamura
CUST00163,Blue Anchor Commodities Limited,UK88750461,GB,SME,2016-08-19,"164 High St, UK",contact163@customer163.co.uk,+44 20 2413 9250,J. Carrington
CUST00164,Amber Exports Ltd,UK98698614,GB,SME,2022-01-02,"172 High St, UK",contact164@customer164.co.uk,+44 20 1014 3893,J. Carrington
CUST00165,Larkspur Commodities Ltd,UK87384561,GB,SME,2017-09-16,"147 Kings Rd, UK",contact165@customer165.co.uk,+44 20 9237 6472,M. Osei
CUST00166,Stonebridge Supplies Ltd,UK51847610,GB,SME,2017-08-20,"77 High St, UK",contact166@customer166.co.uk,+44 20 1645 5184,T. Ferreira
CUST00167,Ironwood Holdings LLP,UK39273434,GB,Mid-market,2022-11-05,"140 High St, UK",contact167@customer167.co.uk,+44 20 9737 4603,T. Ferreira
CUST00168,Rosewood Imports Limited,UK98012527,GB,Mid-market,2016-03-22,"132 Station Ave, UK",contact168@customer168.co.uk,+44 20 5757 5786,T. Ferreira
CUST00169,Larkspur Logistics Ltd,UK31772040,GB,SME,2022-10-11,"169 Station Ave, UK",contact169@customer169.co.uk,+44 20 6943 2684,M. Osei
CUST00170,Copperfield Industries Ltd,UK47041839,GB,Corporate,2022-10-28,"60 Station Ave, UK",contact170@customer170.co.uk,+44 20 8556 9896,M. Osei
CUST00171,Fenwick Freight Limited,UK16662744,GB,SME,2020-02-01,"165 Kings Rd, UK",contact171@customer171.co.uk,+44 20 2282 8363,T. Ferreira
CUST00172,Thornfield Textiles LLP,UK81431392,GB,SME,2016-05-28,"25 Park Row, UK",contact172@customer172.co.uk,+44 20 8351 7673,R. Nakamura
CUST00173,Ironwood Group Limited,UK68485345,GB,SME,2016-04-28,"30 Mill Lane, UK",contact173@customer173.co.uk,+44 20 4337 5218,S. Bello
CUST00174,Redwood Group LLP,UK17633734,GB,Corporate,2017-06-02,"48 High St, UK",contact174@customer174.co.uk,+44 20 8552 2375,J. Carrington
CUST00175,Crestline Industries LLP,UK29973527,GB,SME,2019-11-27,"155 High St, UK",contact175@customer175.co.uk,+44 20 8457 9285,J. Carrington
CUST00176,Vantage Supplies Limited,UK59991553,GB,SME,2016-04-21,"134 Station Ave, UK",contact176@customer176.co.uk,+44 20 7136 4072,R. Nakamura
CUST00177,Amber Trading LLP,UK58637093,GB,SME,2018-11-14,"12 High St, UK",contact177@customer177.co.uk,+44 20 6031 1450,S. Bello
CUST00178,Oakbridge Group Limited,UK82185380,GB,Corporate,2015-12-25,"159 Mill Lane, UK",contact178@customer178.co.uk,+44 20 9385 4081,J. Carrington
CUST00179,Brightwater Logistics LLP,UK33948770,GB,Mid-market,2019-08-04,"25 Park Row, UK",contact179@customer179.co.uk,+44 20 1513 8149,S. Bello
CUST00180,Crestline Imports LLP,UK93223149,GB,Mid-market,2015-03-07,"53 High St, UK",contact180@customer180.co.uk,+44 20 6917 6603,M. Osei
